{"train":{"error":0.003999578023476478,"iterations":1770,"time":5398},"test":{"error":0.0026179600310030082,"time":0}}