{"train":{"error":0.004099714013681878,"iterations":1571,"time":4675},"test":{"error":0.0048198512214247076,"time":1}}