{"train":{"error":0.003505275972694491,"iterations":50000,"time":143041},"test":{"error":0.0030257069211612527,"time":1}}