{"train":{"error":0.003499600695468911,"iterations":1954,"time":6232},"test":{"error":0.003967395949340903,"time":2}}