{"train":{"error":0.0039993296891929955,"iterations":1755,"time":5560},"test":{"error":0.00263147058517781,"time":1}}