{"train":{"error":0.0014998569519167541,"iterations":4266,"time":13361},"test":{"error":0.001029432743257961,"time":1}}