{"train":{"error":0.003499950359071713,"iterations":2818,"time":8757},"test":{"error":0.0034088781578411526,"time":2}}