{"train":{"error":0.002900631587322449,"iterations":31,"time":174},"test":{"error":0.00297223338262244,"time":1}}