{"train":{"error":0.004499995665174769,"iterations":706,"time":2036},"test":{"error":0.006359461618167121,"time":1}}