{"train":{"error":0.00409986753401317,"iterations":1302,"time":1818},"test":{"error":0.005032643398148537,"time":0}}