{"train":{"error":0.0031039009670222628,"iterations":50000,"time":152709},"test":{"error":0.0040029653676537345,"time":3}}